ALA-ALA, -3.809
ALA-ARG, -3.044
ALA-ASN, -2.725
ALA-ASP, -2.474
ALA-CYS, -2.11
ALA-GLN, -3.029
ALA-GLU, -2.759
ALA-GLY, 0.0
ALA-HIS, -3.192
ALA-ILE, -2.69
ALA-LEU, -2.797
ALA-LYS, -2.151
ALA-MET, -2.532
ALA-PHE, -3.09
ALA-PRO, -2.611
ALA-SER, -2.537
ALA-THR, -2.578
ALA-TRP, -3.481
ALA-TYR, -3.46
ALA-VAL, -2.398
ARG-ALA, -2.969
ARG-ARG, -4.855
ARG-ASN, -3.631
ARG-ASP, -3.947
ARG-CYS, -1.979
ARG-GLN, -3.519
ARG-GLU, -3.934
ARG-GLY, 0.0
ARG-HIS, -3.338
ARG-ILE, -2.796
ARG-LEU, -3.119
ARG-LYS, -2.86
ARG-MET, -2.8
ARG-PHE, -3.072
ARG-PRO, -3.174
ARG-SER, -3.313
ARG-THR, -3.029
ARG-TRP, -3.278
ARG-TYR, -3.549
ARG-VAL, -2.575
ASN-ALA, -2.749
ASN-ARG, -3.5
ASN-ASN, -4.982
ASN-ASP, -2.788
ASN-CYS, -2.234
ASN-GLN, -3.562
ASN-GLU, -3.19
ASN-GLY, 0.0
ASN-HIS, -2.826
ASN-ILE, -2.452
ASN-LEU, -2.519
ASN-LYS, -2.839
ASN-MET, -2.5
ASN-PHE, -2.624
ASN-PRO, -2.976
ASN-SER, -3.005
ASN-THR, -2.748
ASN-TRP, -2.64
ASN-TYR, -3.167
ASN-VAL, -2.228
ASP-ALA, -2.504
ASP-ARG, -3.886
ASP-ASN, -2.841
ASP-ASP, -3.579
ASP-CYS, -1.038
ASP-GLN, -2.732
ASP-GLU, -2.402
ASP-GLY, 0.0
ASP-HIS, -3.208
ASP-ILE, -2.073
ASP-LEU, -2.354
ASP-LYS, -3.46
ASP-MET, -1.913
ASP-PHE, -2.041
ASP-PRO, -2.636
ASP-SER, -2.872
ASP-THR, -2.389
ASP-TRP, -2.42
ASP-TYR, -3.29
ASP-VAL, -1.48
CYS-ALA, -1.669
CYS-ARG, -2.101
CYS-ASN, -2.258
CYS-ASP, -2.226
CYS-CYS, -6.559
CYS-GLN, -1.782
CYS-GLU, -1.082
CYS-GLY, 0.0
CYS-HIS, -2.991
CYS-ILE, -1.829
CYS-LEU, -1.507
CYS-LYS, -2.071
CYS-MET, -2.604
CYS-PHE, -2.205
CYS-PRO, -2.718
CYS-SER, -0.915
CYS-THR, -1.832
CYS-TRP, -1.63
CYS-TYR, -1.82
CYS-VAL, -1.394
GLN-ALA, -3.001
GLN-ARG, -3.295
GLN-ASN, -3.46
GLN-ASP, -2.835
GLN-CYS, -1.292
GLN-GLN, -4.974
GLN-GLU, -2.881
GLN-GLY, 0.0
GLN-HIS, -3.017
GLN-ILE, -2.8
GLN-LEU, -2.8
GLN-LYS, -3.264
GLN-MET, -3.008
GLN-PHE, -2.652
GLN-PRO, -3.114
GLN-SER, -3.191
GLN-THR, -2.922
GLN-TRP, -2.955
GLN-TYR, -3.281
GLN-VAL, -2.397
GLU-ALA, -2.762
GLU-ARG, -3.898
GLU-ASN, -3.065
GLU-ASP, -2.513
GLU-CYS, -1.284
GLU-GLN, -2.857
GLU-GLU, -3.945
GLU-GLY, 0.0
GLU-HIS, -3.713
GLU-ILE, -2.264
GLU-LEU, -2.296
GLU-LYS, -3.859
GLU-MET, -2.446
GLU-PHE, -2.457
GLU-PRO, -2.804
GLU-SER, -3.087
GLU-THR, -2.803
GLU-TRP, -2.812
GLU-TYR, -3.223
GLU-VAL, -2.333
GLY-ALA, 0.0
GLY-ARG, 0.0
GLY-ASN, 0.0
GLY-ASP, 0.0
GLY-CYS, 0.0
GLY-GLN, 0.0
GLY-GLU, 0.0
GLY-GLY, 0.0
GLY-HIS, 0.0
GLY-ILE, 0.0
GLY-LEU, 0.0
GLY-LYS, 0.0
GLY-MET, 0.0
GLY-PHE, 0.0
GLY-PRO, 0.0
GLY-SER, 0.0
GLY-THR, 0.0
GLY-TRP, 0.0
GLY-TYR, 0.0
GLY-VAL, 0.0
HIS-ALA, -2.846
HIS-ARG, -3.071
HIS-ASN, -2.841
HIS-ASP, -3.268
HIS-CYS, -2.408
HIS-GLN, -2.945
HIS-GLU, -3.343
HIS-GLY, 0.0
HIS-HIS, -5.38
HIS-ILE, -2.458
HIS-LEU, -2.728
HIS-LYS, -2.691
HIS-MET, -2.111
HIS-PHE, -2.567
HIS-PRO, -2.874
HIS-SER, -2.945
HIS-THR, -2.559
HIS-TRP, -2.82
HIS-TYR, -3.316
HIS-VAL, -2.561
ILE-ALA, -2.543
ILE-ARG, -2.856
ILE-ASN, -2.361
ILE-ASP, -1.999
ILE-CYS, -1.73
ILE-GLN, -2.755
ILE-GLU, -2.225
ILE-GLY, 0.0
ILE-HIS, -2.497
ILE-ILE, -4.04
ILE-LEU, -2.897
ILE-LYS, -2.426
ILE-MET, -2.562
ILE-PHE, -3.148
ILE-PRO, -2.479
ILE-SER, -2.157
ILE-THR, -2.304
ILE-TRP, -2.976
ILE-TYR, -3.016
ILE-VAL, -2.437
LEU-ALA, -2.808
LEU-ARG, -2.945
LEU-ASN, -2.558
LEU-ASP, -2.204
LEU-CYS, -1.821
LEU-GLN, -2.698
LEU-GLU, -2.089
LEU-GLY, 0.0
LEU-HIS, -2.584
LEU-ILE, -2.808
LEU-LEU, -3.922
LEU-LYS, -1.848
LEU-MET, -2.634
LEU-PHE, -3.183
LEU-PRO, -2.521
LEU-SER, -2.328
LEU-THR, -2.038
LEU-TRP, -3.262
LEU-TYR, -3.026
LEU-VAL, -2.386
LYS-ALA, -2.154
LYS-ARG, -2.867
LYS-ASN, -2.751
LYS-ASP, -3.417
LYS-CYS, -0.687
LYS-GLN, -3.399
LYS-GLU, -3.831
LYS-GLY, 0.0
LYS-HIS, -3.04
LYS-ILE, -2.855
LYS-LEU, -1.897
LYS-LYS, -3.711
LYS-MET, -2.303
LYS-PHE, -1.997
LYS-PRO, -1.987
LYS-SER, -2.868
LYS-THR, -2.412
LYS-TRP, -2.774
LYS-TYR, -3.048
LYS-VAL, -1.764
MET-ALA, -2.359
MET-ARG, -2.607
MET-ASN, -2.597
MET-ASP, -1.997
MET-CYS, -1.931
MET-GLN, -2.74
MET-GLU, -2.404
MET-GLY, 0.0
MET-HIS, -2.649
MET-ILE, -2.701
MET-LEU, -2.85
MET-LYS, -2.555
MET-MET, -4.598
MET-PHE, -3.057
MET-PRO, -2.299
MET-SER, -2.179
MET-THR, -2.446
MET-TRP, -2.954
MET-TYR, -3.253
MET-VAL, -2.564
PHE-ALA, -3.232
PHE-ARG, -2.903
PHE-ASN, -2.764
PHE-ASP, -2.215
PHE-CYS, -2.751
PHE-GLN, -2.733
PHE-GLU, -2.29
PHE-GLY, 0.0
PHE-HIS, -2.496
PHE-ILE, -3.169
PHE-LEU, -3.161
PHE-LYS, -2.372
PHE-MET, -3.035
PHE-PHE, -4.644
PHE-PRO, -3.026
PHE-SER, -2.478
PHE-THR, -2.853
PHE-TRP, -2.921
PHE-TYR, -3.148
PHE-VAL, -2.653
PRO-ALA, -2.9
PRO-ARG, -3.34
PRO-ASN, -2.853
PRO-ASP, -2.71
PRO-CYS, -2.852
PRO-GLN, -3.32
PRO-GLU, -2.789
PRO-GLY, 0.0
PRO-HIS, -2.889
PRO-ILE, -2.467
PRO-LEU, -2.362
PRO-LYS, -1.893
PRO-MET, -2.551
PRO-PHE, -3.008
PRO-PRO, -3.982
PRO-SER, -2.565
PRO-THR, -2.431
PRO-TRP, -3.291
PRO-TYR, -3.572
PRO-VAL, -2.08
SER-ALA, -2.691
SER-ARG, -3.178
SER-ASN, -2.931
SER-ASP, -2.916
SER-CYS, -1.289
SER-GLN, -3.082
SER-GLU, -3.112
SER-GLY, 0.0
SER-HIS, -2.902
SER-ILE, -2.204
SER-LEU, -2.333
SER-LYS, -2.824
SER-MET, -2.053
SER-PHE, -2.615
SER-PRO, -2.638
SER-SER, -4.089
SER-THR, -2.466
SER-TRP, -2.904
SER-TYR, -3.235
SER-VAL, -2.049
THR-ALA, -2.659
THR-ARG, -3.057
THR-ASN, -2.778
THR-ASP, -2.5
THR-CYS, -2.119
THR-GLN, -3.095
THR-GLU, -2.739
THR-GLY, 0.0
THR-HIS, -2.515
THR-ILE, -2.411
THR-LEU, -2.401
THR-LYS, -2.413
THR-MET, -2.557
THR-PHE, -2.747
THR-PRO, -2.596
THR-SER, -2.557
THR-THR, -4.087
THR-TRP, -2.651
THR-TYR, -2.924
THR-VAL, -2.004
TRP-ALA, -3.387
TRP-ARG, -3.124
TRP-ASN, -2.955
TRP-ASP, -2.922
TRP-CYS, -1.001
TRP-GLN, -3.151
TRP-GLU, -2.68
TRP-GLY, 0.0
TRP-HIS, -2.849
TRP-ILE, -2.931
TRP-LEU, -3.476
TRP-LYS, -2.587
TRP-MET, -2.902
TRP-PHE, -3.236
TRP-PRO, -3.073
TRP-SER, -2.983
TRP-THR, -2.671
TRP-TRP, -4.953
TRP-TYR, -2.95
TRP-VAL, -2.551
TYR-ALA, -3.203
TYR-ARG, -3.338
TYR-ASN, -3.227
TYR-ASP, -3.122
TYR-CYS, -1.959
TYR-GLN, -3.181
TYR-GLU, -3.124
TYR-GLY, 0.0
TYR-HIS, -3.173
TYR-ILE, -3.135
TYR-LEU, -3.035
TYR-LYS, -2.946
TYR-MET, -3.114
TYR-PHE, -3.109
TYR-PRO, -3.505
TYR-SER, -3.331
TYR-THR, -2.773
TYR-TRP, -3.306
TYR-TYR, -4.62
TYR-VAL, -2.839
VAL-ALA, -2.285
VAL-ARG, -2.54
VAL-ASN, -2.208
VAL-ASP, -1.767
VAL-CYS, -1.414
VAL-GLN, -2.572
VAL-GLU, -2.212
VAL-GLY, 0.0
VAL-HIS, -2.399
VAL-ILE, -2.77
VAL-LEU, -2.429
VAL-LYS, -1.728
VAL-MET, -2.466
VAL-PHE, -2.619
VAL-PRO, -2.388
VAL-SER, -2.106
VAL-THR, -2.279
VAL-TRP, -2.608
VAL-TYR, -2.677
VAL-VAL, -3.549
